Trip,EL
203,PC_7
204,PC_7
205,PC_7
206,PC_7
207,PC_7
208,PC_7
209,PC_7
210,PC_7
211,PC_7
212,PC_7
213,PC_7
214,PC_7
218,JON_B
219,JON_B
220,JON_B
221,JON_B
222,JON_B
223,JON_B
224,JON_B
232,PC_7
233,PC_7
234,PC_7
235,PC_3
236,PC_3
237,PC_3
238,PC_3
239,PC_6
240,PC_6
241,PC_6
242,PC_6
246,PC_10
247,PC_10
254,PC_5
255,PC_5
256,PC_5
257,PC_5
258,PC_5
259,PC_5
260,PC_5
261,JON_B
262,JON_B
263,JON_B
264,JON_B
265,JON_B
266,JON_B
267,JON_B
268,JON_B
269,JON_B
270,JON_B
271,JON_B
272,JON_B
273,JON_B
274,PC_7
275,PC_6
276,PC_6
277,PC_6
278,PC_6
284,PC_10
300,JON_B
301,JON_B
302,JON_B
303,JON_B
304,JON_B
305,JON_B
306,JON_B
307,JON_B
308,JON_B
309,JON_B
310,JON_B
311,JON_B
312,JON_B
313,JON_B
314,JON_B
315,GMV_G
316,GMV_G
317,GMV_G
318,GMV_G
319,GMV_G
320,GMV_G
321,GMV_G
322,GMV_G
323,GMV_G
324,GMV_G
325,GMV_G
326,GMV_G
327,GMV_G
328,GMV_G
329,GMV_G
330,GMV_G
331,GMV_G
332,GMV_G
333,GMV_G
334,GMV_G
335,GMV_G
336,GMV_G
337,GMV_G
338,GMV_G
339,GMV_G
340,GMV_G
341,GMV_G
342,GMV_G
343,JON_B
344,JON_B
345,JON_B
346,JON_B
347,JON_B
348,JON_B
349,JON_B
350,PC_9
351,PC_9
352,PC_9
353,PC_9
354,PC_9
355,PC_9
356,PC_9
357,PC_9
358,PC_9
359,PC_9
360,PC_9
361,PC_9
362,PC_9
363,PC_9
364,PC_9
365,PC_9
366,PC_9
367,PC_9
368,PC_9
369,PC_9
370,PC_9
371,PC_9
372,PC_9
373,PC_9
374,PC_5
375,PC_5
376,PC_7
377,PC_7
378,PC_7
379,PC_7
380,PC_5
381,PC_5
382,PC_5
383,PC_5
384,PC_5
385,PC_5
386,PC_5
387,PC_5
388,PC_7
389,PC_7
390,PC_7
391,PC_7
392,PC_7
393,PC_7
394,PC_7
395,PC_7
396,PC_7
397,PC_7
398,PC_7
399,PC_7
400,PC_7
401,PC_7
402,PC_7
403,PC_7
404,PC_7
405,PC_7
406,PC_7
407,PC_7
408,PC_7
409,PC_7
410,PC_7
411,PC_7
412,PC_7
413,PC_7
414,PC_7
415,PC_7
436,PC_7
437,PC_7
438,PC_7
439,PC_7
440,PC_7
441,PC_7
442,PC_7
443,PC_7
444,PC_7
445,PC_7
446,PC_7
447,PC_7
448,PC_7
449,PC_7
450,PC_7
451,PC_7
452,PC_7
453,PC_7
454,PC_7
455,PC_7
456,PC_7
457,PC_7
458,PC_7
459,PC_7
460,PC_7
461,PC_3
462,PC_3
463,PC_3
464,PC_3
465,GMV_G
466,PC_9
467,PC_9
468,PC_3
469,PC_3
470,PC_3
471,PC_3
472,PC_3
473,PC_3
474,PC_3
475,PC_3
476,PC_3
477,PC_3
478,PC_3
479,PC_3
480,PC_5
481,PC_5
483,PC_10
484,PC_10
485,PC_10
486,PC_10
487,PC_10
488,PC_10
489,PC_10
490,PC_10
491,PC_10
492,PC_10
493,PC_10
494,PC_10
495,PC_10
496,PC_10
497,PC_10
498,PC_10
499,PC_10
500,PC_10
501,PC_10
502,PC_10
503,PC_10
504,PC_10
505,PC_10
506,PC_10
507,PC_10
508,PC_10
509,PC_10
510,PC_10
511,PC_10
512,PC_10
513,PC_10
514,PC_10
515,PC_10
516,PC_10
517,PC_10
539,PC_10
540,PC_10
541,PC_10
542,PC_10
543,PC_10
544,PC_10
545,PC_10
546,PC_10
547,PC_10
548,PC_10
549,PC_10
550,PC_10
551,PC_10
552,PC_10
553,PC_10
554,PC_10
555,PC_10
599,PC_9
600,PC_9
601,JON_B
602,JON_B
603,JON_B
604,JON_B
605,PC_6
606,PC_6
607,PC_6
608,PC_6
609,PC_6
613,JON_B
614,JON_B
615,JON_B
616,JON_B
617,JON_B
618,PC_6
619,PC_6
620,PC_6
621,PC_6
622,PC_6
623,PC_6
624,PC_6
625,PC_6
626,PC_6
627,PC_6
628,PC_6
629,PC_6
630,PC_6
631,PC_6
632,PC_6
633,PC_6
634,PC_6
635,PC_6
636,PC_6
637,PC_6
638,PC_6
639,PC_6
640,PC_6
641,PC_6
642,JON_B
643,JON_B
644,JON_B
645,JON_B
646,JON_B
647,JON_B
648,JON_B
651,PC_7
652,PC_7
667,PC_7
668,PC_7
669,GMV_G
670,GMV_G
671,GMV_G
672,GMV_G
673,GMV_G
674,GMV_G
675,GMV_G
676,GMV_G
677,GMV_G
678,GMV_G
679,GMV_G
680,GMV_G
681,GMV_G
686,PC_10
687,PC_10
688,PC_5
689,PC_5
690,PC_5
691,PC_5
692,PC_5
693,PC_5
694,PC_5
695,PC_5
696,PC_5
697,PC_5
698,PC_5
699,PC_5
700,PC_5
701,PC_5
702,PC_5
703,PC_5
704,PC_5
705,PC_5
706,PC_5
707,PC_5
708,PC_5
709,PC_5
710,PC_5
711,PC_5
712,PC_5
713,PC_5
714,PC_5
715,PC_5
716,PC_5
717,PC_5
718,PC_5
719,PC_5
720,PC_5
727,PC_6
729,PC_7
730,PC_7
731,PC_7
732,PC_7
733,PC_7
734,PC_7
735,PC_7
736,PC_7
737,PC_7
738,PC_7
739,PC_7
740,PC_7
741,PC_7
742,PC_7
743,PC_7
763,GMV_G
769,PC_10
771,PC_10
772,PC_9
773,PC_9
774,PC_9
775,PC_9
776,PC_9
777,PC_9
778,PC_9
779,PC_5
780,PC_5
792,PC_7
796,JON_B
797,JON_B
798,JON_B
799,JON_B
800,JON_B
801,JON_B
802,JON_B
803,JON_B
804,JON_B
805,JON_B
806,JON_B
807,JON_B
811,JON_B
812,JON_B
813,JON_B
814,JON_B
815,JON_B
816,JON_B
817,JON_B
818,PC_7
819,GMV_G
820,GMV_G
821,GMV_G
822,PC_10
823,GMV_G
824,GMV_G
825,GMV_G
826,GMV_G
827,GMV_G
828,GMV_G
829,GMV_G
830,GMV_G
831,GMV_G
832,GMV_G
833,GMV_G
834,PC_7
835,PC_7
836,PC_7
837,PC_7
838,PC_7
839,PC_7
840,PC_7
841,PC_7
842,PC_5
843,PC_5
844,PC_5
845,PC_5
846,PC_5
847,PC_5
848,PC_6
849,PC_6
850,PC_5
879,JON_B
880,JON_B
881,JON_B
883,PC_10
886,JON_B
887,JON_B
888,JON_B
889,JON_B
890,JON_B
891,JON_B
892,JON_B
893,JON_B
894,JON_B
895,JON_B
896,JON_B
897,JON_B
898,JON_B
899,JON_B
900,JON_B
901,JON_B
902,PC_7
903,PC_7
904,PC_7
905,PC_7
906,PC_7
907,PC_7
908,PC_7
909,PC_7
910,PC_7
911,PC_7
912,PC_7
913,PC_3
914,PC_3
915,PC_3
916,PC_3
917,PC_3
918,PC_3
919,PC_3
920,PC_3
921,PC_3
922,PC_3
923,PC_3
924,PC_3
925,PC_3
935,PC_5
936,PC_5
937,PC_5
938,PC_5
939,PC_5
940,PC_5
941,PC_9
942,PC_9
943,PC_9
944,PC_9
945,PC_9
946,PC_9
947,PC_9
948,PC_9
949,PC_9
950,PC_9
951,PC_9
952,PC_9
953,PC_9
954,PC_9
955,PC_9
956,PC_9
957,PC_9
958,PC_6
961,JON_B
962,JON_B
963,JON_B
964,JON_B
965,JON_B
966,JON_B
968,PC_3
969,PC_3
970,PC_3
971,PC_9
972,PC_9
973,JON_B
974,JON_B
978,PC_3
979,PC_3
980,PC_3
981,PC_3
982,PC_3
983,PC_3
986,PC_9
