Trip,SL
189,JON_A
190,JON_A
191,JON_A
192,JON_A
193,JON_A
194,JON_A
195,JON_A
196,JON_A
197,PC_6
198,PC_10
199,PC_10
200,PC_7
201,PC_7
202,PC_7
203,PC_7
204,PC_7
205,PC_7
206,PC_7
207,PC_3
208,PC_3
209,PC_3
210,PC_3
211,PC_3
212,PC_3
213,PC_3
214,JON_A
215,JON_A
216,JON_A
225,PC_6
226,PC_6
227,PC_6
230,PC_5
231,PC_5
232,PC_5
233,PC_5
234,PC_10
242,PC_9
243,PC_9
244,PC_9
245,PC_9
246,PC_9
247,PC_9
248,PC_9
249,PC_9
250,PC_9
251,PC_9
252,PC_9
253,PC_9
254,GMV_H
261,PC_10
262,PC_10
263,PC_10
265,PC_10
266,PC_10
267,PC_10
268,PC_10
269,PC_10
270,PC_5
271,PC_5
272,PC_5
273,PC_6
274,PC_6
275,PC_5
276,PC_5
277,PC_6
278,PC_6
279,PC_7
280,PC_7
281,PC_7
282,PC_7
283,PC_7
284,PC_7
285,PC_7
286,PC_7
287,PC_7
288,PC_7
289,PC_7
290,PC_7
291,PC_7
292,PC_7
293,PC_7
294,PC_7
295,PC_7
296,PC_7
297,PC_7
298,PC_7
299,PC_7
300,PC_7
301,PC_7
302,PC_7
303,PC_7
304,PC_7
305,PC_7
306,PC_7
307,PC_7
308,PC_7
309,PC_7
310,PC_7
311,PC_7
312,PC_7
313,PC_7
314,PC_7
315,PC_7
316,PC_7
317,PC_7
318,PC_7
319,PC_7
320,PC_7
321,PC_7
322,PC_7
323,PC_7
324,PC_7
325,PC_7
326,JON_A
327,JON_A
328,JON_A
329,JON_A
330,JON_A
331,JON_A
332,JON_A
333,JON_A
334,JON_A
335,JON_A
336,JON_A
337,JON_A
338,JON_A
339,JON_A
340,JON_A
341,JON_A
342,JON_A
343,JON_A
344,JON_A
345,JON_A
348,JON_A
349,JON_A
350,JON_A
351,JON_A
360,JON_A
361,JON_A
362,JON_A
363,JON_A
364,JON_A
365,JON_A
366,JON_A
367,JON_A
368,JON_A
369,JON_A
370,JON_A
371,JON_A
372,JON_A
373,JON_A
374,JON_A
375,JON_A
376,JON_A
377,JON_A
378,JON_A
379,JON_A
380,JON_A
381,JON_A
382,JON_A
383,JON_A
384,JON_A
385,JON_A
387,PC_3
388,PC_3
389,PC_3
390,PC_3
391,PC_3
392,PC_3
393,PC_3
394,PC_3
395,PC_3
396,PC_7
397,PC_3
398,PC_5
399,PC_6
400,PC_6
402,PC_6
403,PC_6
404,GMV_H
405,GMV_H
406,GMV_H
407,GMV_H
408,GMV_H
409,GMV_H
410,GMV_H
411,GMV_H
412,GMV_H
413,GMV_H
414,GMV_H
415,GMV_H
416,GMV_H
417,GMV_H
418,GMV_H
419,GMV_H
420,GMV_H
421,GMV_H
422,GMV_H
423,GMV_H
424,GMV_H
425,GMV_H
430,PC_7
447,PC_10
483,PC_10
484,PC_10
485,PC_10
486,PC_10
487,PC_10
488,PC_10
489,PC_10
490,PC_10
491,PC_10
492,PC_10
493,PC_10
494,PC_10
495,PC_10
496,PC_10
497,PC_10
498,PC_10
499,PC_10
522,PC_5
523,PC_5
524,PC_5
525,PC_5
526,PC_5
529,PC_5
530,PC_5
531,PC_5
532,PC_5
533,PC_5
534,PC_5
535,PC_5
536,PC_5
537,PC_5
538,PC_5
539,PC_5
540,PC_5
541,PC_5
542,PC_5
543,PC_5
544,PC_5
545,PC_5
546,PC_5
547,PC_5
548,PC_5
549,PC_5
550,PC_5
551,PC_5
552,PC_5
553,PC_5
554,PC_5
555,PC_5
556,PC_5
557,JON_A
558,JON_A
559,PC_7
560,PC_7
561,PC_7
570,PC_9
571,PC_9
572,PC_9
573,PC_9
574,PC_9
599,PC_9
600,PC_9
601,PC_9
602,PC_9
603,PC_9
604,PC_9
605,PC_9
606,PC_6
607,PC_6
608,GMV_H
609,GMV_H
610,PC_6
611,PC_6
612,PC_6
613,PC_6
614,PC_6
615,PC_6
616,PC_6
617,PC_6
618,PC_6
619,PC_6
620,PC_6
621,PC_6
622,PC_6
623,PC_6
624,GMV_H
625,GMV_H
626,PC_7
627,PC_7
628,PC_7
629,PC_7
630,PC_7
631,PC_7
632,PC_7
633,PC_7
634,PC_7
635,PC_7
636,PC_7
637,PC_7
638,PC_10
639,PC_10
640,PC_10
641,PC_10
679,PC_5
682,GMV_H
683,GMV_H
684,GMV_H
685,GMV_H
686,GMV_H
687,GMV_H
688,GMV_H
689,GMV_H
690,GMV_H
691,GMV_H
692,GMV_H
693,GMV_H
694,GMV_H
695,GMV_H
696,GMV_H
697,PC_10
698,PC_10
699,PC_10
700,PC_10
701,PC_10
702,PC_10
703,PC_10
704,PC_10
705,PC_10
706,PC_10
707,PC_10
708,PC_10
709,PC_10
710,PC_10
711,PC_10
712,PC_10
713,PC_10
714,PC_10
715,PC_10
716,PC_6
717,PC_6
718,PC_6
719,PC_6
723,JON_A
724,JON_A
725,JON_A
726,JON_A
727,JON_A
728,JON_A
729,JON_A
741,PC_5
742,PC_5
744,PC_5
745,PC_5
746,PC_5
747,PC_7
748,PC_7
749,PC_7
750,PC_7
751,PC_7
752,PC_7
753,PC_7
754,PC_7
755,PC_7
756,PC_7
760,PC_7
761,PC_7
762,PC_7
763,PC_7
764,PC_7
765,PC_7
766,JON_A
767,PC_7
768,PC_7
770,PC_7
771,PC_7
772,PC_7
773,PC_7
774,PC_7
775,PC_7
776,PC_7
777,PC_7
778,PC_7
779,PC_7
780,PC_7
781,JON_A
782,JON_A
783,JON_A
784,JON_A
785,JON_A
786,JON_A
787,JON_A
788,JON_A
798,PC_6
799,PC_6
800,PC_6
801,PC_6
802,PC_6
803,PC_6
804,PC_6
805,PC_6
806,PC_3
807,PC_3
808,PC_3
809,PC_3
810,PC_3
811,PC_3
812,PC_3
813,PC_3
814,PC_3
815,PC_3
816,PC_3
817,PC_3
818,PC_3
819,PC_3
820,PC_3
821,PC_3
824,PC_9
825,PC_9
826,PC_9
827,PC_6
831,PC_9
832,PC_9
833,PC_9
834,PC_9
835,PC_9
836,PC_9
837,PC_9
838,PC_9
839,PC_9
840,PC_9
841,PC_9
842,PC_9
843,PC_9
844,PC_9
845,PC_9
846,GMV_H
847,GMV_H
848,GMV_H
849,GMV_H
850,GMV_H
851,GMV_H
852,GMV_H
853,GMV_H
854,GMV_H
868,PC_5
869,PC_5
870,PC_5
871,PC_5
872,PC_5
873,PC_5
874,PC_5
882,JON_A
883,JON_A
884,JON_A
885,JON_A
886,JON_A
887,JON_A
888,JON_A
889,JON_A
890,JON_A
891,JON_A
892,JON_A
893,JON_A
894,JON_A
895,JON_A
896,JON_A
897,JON_A
901,PC_7
902,PC_7
903,PC_9
904,PC_9
905,PC_9
906,PC_9
907,PC_3
911,JON_A
912,JON_A
913,PC_9
914,PC_3
915,PC_3
916,PC_3
923,PC_9
924,PC_9
